"","INBI","IEBI_CV","EB_prop","INBI_Std","EB_rate_Std","EB_ISI","Firing_rate_Hz","NB_rate","Spikes_per_EB_Std","EB_rate_Hz","EB_Dur","EB_prop_Std","NB_dur","Spikes_per_EB","EB_Dur_Std","Firing_Rate_in_NB_Hz","IEBI","IEBI_Std","NB_prop","hfNB_and_NB_prop","hfNB_rate","cell_line","Well_Label","Phenotype","batch","cell_line_batch","machine","PT_all_path","DIV_range","Syndrome","Gene","Identidy","Own_control","isogenic","Remarks","Pool_Kleefstra","Pool_WTC_CHD2","Pool_CACNA1A","Pool_SMARCB1","Pool_ARID1B_2_rescue","Pool_dravet","Unique_ID","PT_all_path_Well_Label","DIV49_sub","dev_sub","color","sample","hier_clust"
"D:/2024/Patient_Paper/PT_all_v2/Developmental/DIV49/202312_WTC_SMARCB1-PAT_SMARCB1-CRISPR/109-4923_A1_3981",0.212591022341934,-1.51505451309813,-0.18203834521493,-1.12561763474931,1.1946905215081,-0.411512286104621,-0.937472950730761,-0.131182786818344,-2.2220130908766,-0.269157934498328,-1.13222611950001,2.38873481391654,-0.673026075132334,-0.888201651266658,-1.11393853627121,-0.293245837901878,0.294938322423727,1.87633021052037,-0.185457207882526,-0.185457207882526,0,"ARID1B_3","A1","ARID1B_CRISPR_1","109-4923","ARID1B_CRISPR_1109-4923","axion","D:/2024/Patient_Paper/PT_all_v2/Developmental/DIV49/202312_WTC_SMARCB1-PAT_SMARCB1-CRISPR/109-4923","DIV49","CSS","ARID1B","CRISPR","WTC","yes","",NA,NA,NA,NA,NA,NA,"D:/2024/Patient_Paper/PT_all_v2/Developmental/DIV49/202312_WTC_SMARCB1-PAT_SMARCB1-CRISPR/109-4923_A1_3981","D:/2024/Patient_Paper/PT_all_v2/Developmental/DIV49/202312_WTC_SMARCB1-PAT_SMARCB1-CRISPR/109-4923_A1","yes","yes","#40E0D0","ARID1B_CRISPR_1_A1","1"
"D:/2024/Patient_Paper/PT_all_v2/Developmental/DIV49/202312_WTC_SMARCB1-PAT_SMARCB1-CRISPR/109-4923_A2_3982",0.136137716303149,-0.274189931113821,-0.146800452009495,-0.0163228427441085,0.572610020710379,-0.462250635683639,-0.649828059102031,-0.131182786818344,-3.24794074114349,-0.145422150927345,-0.961958069221746,2.07387734454797,-0.660836098309905,-0.680383397320235,-1.13893855390981,-0.0667913873212315,0.0798826258331165,0.981052053617016,-0.254180057365398,-0.141592870896871,7.60293185114496,"ARID1B_3","A2","ARID1B_CRISPR_1","109-4923","ARID1B_CRISPR_1109-4923","axion","D:/2024/Patient_Paper/PT_all_v2/Developmental/DIV49/202312_WTC_SMARCB1-PAT_SMARCB1-CRISPR/109-4923","DIV49","CSS","ARID1B","CRISPR","WTC","yes","",NA,NA,NA,NA,NA,NA,"D:/2024/Patient_Paper/PT_all_v2/Developmental/DIV49/202312_WTC_SMARCB1-PAT_SMARCB1-CRISPR/109-4923_A2_3982","D:/2024/Patient_Paper/PT_all_v2/Developmental/DIV49/202312_WTC_SMARCB1-PAT_SMARCB1-CRISPR/109-4923_A2","yes","yes","#40E0D0","ARID1B_CRISPR_1_A2","1"
"D:/2024/Patient_Paper/PT_all_v2/Developmental/DIV49/202312_WTC_SMARCB1-PAT_SMARCB1-CRISPR/109-4923_A3_3983",0.940388618305534,0.953404526610778,-0.0978406847547837,1.20398657531022,-5.7440914593479,-0.0476767084803229,-0.50976577671028,-0.938005255323819,-1.19150467474129,0.154019460938331,-0.685316410628305,1.44307856677219,-0.309587312115621,-0.781750607374961,0.216309177725775,0.198768212102993,-0.32235773989129,-2.07822662690278,-0.965973220509378,-0.0907600562612332,10.6838318228696,"ARID1B_3","A3","ARID1B_CRISPR_1","109-4923","ARID1B_CRISPR_1109-4923","axion","D:/2024/Patient_Paper/PT_all_v2/Developmental/DIV49/202312_WTC_SMARCB1-PAT_SMARCB1-CRISPR/109-4923","DIV49","CSS","ARID1B","CRISPR","WTC","yes","",NA,NA,NA,NA,NA,NA,"D:/2024/Patient_Paper/PT_all_v2/Developmental/DIV49/202312_WTC_SMARCB1-PAT_SMARCB1-CRISPR/109-4923_A3_3983","D:/2024/Patient_Paper/PT_all_v2/Developmental/DIV49/202312_WTC_SMARCB1-PAT_SMARCB1-CRISPR/109-4923_A3","yes","yes","#40E0D0","ARID1B_CRISPR_1_A3","1"
"D:/2024/Patient_Paper/PT_all_v2/Developmental/DIV49/202312_WTC_SMARCB1-PAT_SMARCB1-CRISPR/109-4923_A8_3988",0.142279537494865,0.356231100059944,-0.169311743824769,1.8880406817866,1.06443757350385,0.165210916270068,-1.01477048345283,-0.806556511830613,1.08928641803229,-1.00974250786117,0.391787922187333,1.1780880832209,0.648890669009672,0.295615755864456,2.18709939702329,-0.662610535610878,1.33469068238009,3.43718084950446,-0.0849856911694583,-0.180111560511502,0,"SMARCB1_1","A8","SMARCB1_CSS","109-4923","SMARCB1_CSS109-4923","axion","D:/2024/Patient_Paper/PT_all_v2/Developmental/DIV49/202312_WTC_SMARCB1-PAT_SMARCB1-CRISPR/109-4923","DIV49","CSS","SMARCB1","Patient","median_controls","","",NA,NA,NA,NA,NA,NA,"D:/2024/Patient_Paper/PT_all_v2/Developmental/DIV49/202312_WTC_SMARCB1-PAT_SMARCB1-CRISPR/109-4923_A8_3988","D:/2024/Patient_Paper/PT_all_v2/Developmental/DIV49/202312_WTC_SMARCB1-PAT_SMARCB1-CRISPR/109-4923_A8","yes","yes","#1E90FF","SMARCB1_CSS_A8","1"
"D:/2024/Patient_Paper/PT_all_v2/Developmental/DIV49/202312_WTC_SMARCB1-PAT_SMARCB1-CRISPR/109-4923_B1_3989",0.82009925581241,0.77514529351773,-0.192758304611578,0.930203530617206,4.07378002619723,0.341009532403048,-0.814450997006096,-0.715790296670984,-0.835727573232649,0.312793142616061,-0.948947839445864,3.31571778612876,0.501337387497236,-1.38277200949609,1.55722540321451,-0.113237652542617,-0.409447420232899,1.90793889510594,-0.367234599020907,-0.125833746702781,9.59735531730743,"ARID1B_3","B1","ARID1B_CRISPR_1","109-4923","ARID1B_CRISPR_1109-4923","axion","D:/2024/Patient_Paper/PT_all_v2/Developmental/DIV49/202312_WTC_SMARCB1-PAT_SMARCB1-CRISPR/109-4923","DIV49","CSS","ARID1B","CRISPR","WTC","yes","",NA,NA,NA,NA,NA,NA,"D:/2024/Patient_Paper/PT_all_v2/Developmental/DIV49/202312_WTC_SMARCB1-PAT_SMARCB1-CRISPR/109-4923_B1_3989","D:/2024/Patient_Paper/PT_all_v2/Developmental/DIV49/202312_WTC_SMARCB1-PAT_SMARCB1-CRISPR/109-4923_B1","yes","yes","#40E0D0","ARID1B_CRISPR_1_B1","1"
"D:/2024/Patient_Paper/PT_all_v2/Developmental/DIV49/202312_WTC_SMARCB1-PAT_SMARCB1-CRISPR/109-4923_B2_3990",1.00671437727685,-0.101643923862436,-0.147194899154984,0.524150524961682,1.19469052150811,0.0619611302953385,-0.854133008117073,-1.06342321797362,-1.00497299703769,-0.465280961097037,-0.387250149805943,2.29082207626573,-0.104360105016433,-0.579601944946199,-0.474732577832269,-0.00297185258562979,0.58691999170476,2.42320407194274,-0.454849926561653,-0.18760294573586,8.92040044471978,"ARID1B_3","B2","ARID1B_CRISPR_1","109-4923","ARID1B_CRISPR_1109-4923","axion","D:/2024/Patient_Paper/PT_all_v2/Developmental/DIV49/202312_WTC_SMARCB1-PAT_SMARCB1-CRISPR/109-4923","DIV49","CSS","ARID1B","CRISPR","WTC","yes","",NA,NA,NA,NA,NA,NA,"D:/2024/Patient_Paper/PT_all_v2/Developmental/DIV49/202312_WTC_SMARCB1-PAT_SMARCB1-CRISPR/109-4923_B2_3990","D:/2024/Patient_Paper/PT_all_v2/Developmental/DIV49/202312_WTC_SMARCB1-PAT_SMARCB1-CRISPR/109-4923_B2","yes","yes","#40E0D0","ARID1B_CRISPR_1_B2","1"
"D:/2024/Patient_Paper/PT_all_v2/Developmental/DIV49/202312_WTC_SMARCB1-PAT_SMARCB1-CRISPR/109-4923_B3_3991",0.181396364689969,0.134318966492833,-0.153521783366284,0.529168412573986,2.26709256861109,-0.0773669835815712,-0.378080080782211,-0.131182786818345,-0.353439244324714,-0.153092703453509,-0.402343594620532,1.95749776790553,-0.266418149879916,-0.399053754134514,0.314500637838169,-0.0527223222214873,0.143160679903883,2.38008906289243,-0.195118456030552,-0.159645335869856,6.61033385671508,"ARID1B_3","B3","ARID1B_CRISPR_1","109-4923","ARID1B_CRISPR_1109-4923","axion","D:/2024/Patient_Paper/PT_all_v2/Developmental/DIV49/202312_WTC_SMARCB1-PAT_SMARCB1-CRISPR/109-4923","DIV49","CSS","ARID1B","CRISPR","WTC","yes","",NA,NA,NA,NA,NA,NA,"D:/2024/Patient_Paper/PT_all_v2/Developmental/DIV49/202312_WTC_SMARCB1-PAT_SMARCB1-CRISPR/109-4923_B3_3991","D:/2024/Patient_Paper/PT_all_v2/Developmental/DIV49/202312_WTC_SMARCB1-PAT_SMARCB1-CRISPR/109-4923_B3","yes","yes","#40E0D0","ARID1B_CRISPR_1_B3","1"
"D:/2024/Patient_Paper/PT_all_v2/Developmental/DIV49/202312_WTC_SMARCB1-PAT_SMARCB1-CRISPR/109-4923_B8_3996",-0.658097851858262,-0.0611359879985518,-0.205667288576034,1.03227240334327,2.28915860337139,0.41265356651592,-0.455473049395536,9.61027951144475e-16,1.20849642263444,-0.422862554726412,0.03498271617734,1.64043158989963,0.178250299380257,0.0825405435636096,1.81133228558126,-0.220917605017856,0.880931759494162,3.16478530022174,-0.138494093289755,-0.171470651703322,7.60293185114496,"SMARCB1_1","B8","SMARCB1_CSS","109-4923","SMARCB1_CSS109-4923","axion","D:/2024/Patient_Paper/PT_all_v2/Developmental/DIV49/202312_WTC_SMARCB1-PAT_SMARCB1-CRISPR/109-4923","DIV49","CSS","SMARCB1","Patient","median_controls","","",NA,NA,NA,NA,NA,NA,"D:/2024/Patient_Paper/PT_all_v2/Developmental/DIV49/202312_WTC_SMARCB1-PAT_SMARCB1-CRISPR/109-4923_B8_3996","D:/2024/Patient_Paper/PT_all_v2/Developmental/DIV49/202312_WTC_SMARCB1-PAT_SMARCB1-CRISPR/109-4923_B8","yes","yes","#1E90FF","SMARCB1_CSS_B8","1"
"D:/2024/Patient_Paper/PT_all_v2/Developmental/DIV49/202312_WTC_SMARCB1-PAT_SMARCB1-CRISPR/109-4923_C7_4003",0.817839454074801,-1.92812816244681,-0.219901293280017,-1.01837443779132,0.672789415529982,0.41868957856646,-1.45186501782454,-0.822623592020999,-0.141649025486956,-1.03796457988571,-0.434623780271262,2.5294203616117,-0.322725996203433,-0.693655441914907,1.32221968678575,-0.449711033520789,0.9623015882909,3.15656212145157,-0.218863102839154,-0.218863102839154,0,"SMARCB1_2","C7","SMARCB1_CSS-CRISPR","109-4923","SMARCB1_CSS-CRISPR109-4923","axion","D:/2024/Patient_Paper/PT_all_v2/Developmental/DIV49/202312_WTC_SMARCB1-PAT_SMARCB1-CRISPR/109-4923","DIV49","CSS","SMARCB1","CRISPR","WTC","yes","",NA,NA,NA,NA,NA,NA,"D:/2024/Patient_Paper/PT_all_v2/Developmental/DIV49/202312_WTC_SMARCB1-PAT_SMARCB1-CRISPR/109-4923_C7_4003","D:/2024/Patient_Paper/PT_all_v2/Developmental/DIV49/202312_WTC_SMARCB1-PAT_SMARCB1-CRISPR/109-4923_C7","yes","yes","#104E8B","SMARCB1_CSS-CRISPR_C7","1"
"D:/2024/Patient_Paper/PT_all_v2/Developmental/DIV49/202312_WTC_SMARCB1-PAT_SMARCB1-CRISPR/109-4923_D5_4009",0.998464486515597,-1.75359061523881,-0.202998659912759,-0.502143514236443,-1.0901257927181,0.0693973498556303,-1.29119918395519,-0.93800525532382,-0.396559307231954,-1.12579785471974,-0.369035900010204,2.08564659137455,-0.341488933005849,-0.405183274698095,0.687683278430218,-0.139510930876549,1.118916439795,1.66327141667955,-0.204207918995511,-0.204207918995511,0,"SMARCB1_2","D5","SMARCB1_CSS-CRISPR","109-4923","SMARCB1_CSS-CRISPR109-4923","axion","D:/2024/Patient_Paper/PT_all_v2/Developmental/DIV49/202312_WTC_SMARCB1-PAT_SMARCB1-CRISPR/109-4923","DIV49","CSS","SMARCB1","CRISPR","WTC","yes","",NA,NA,NA,NA,NA,NA,"D:/2024/Patient_Paper/PT_all_v2/Developmental/DIV49/202312_WTC_SMARCB1-PAT_SMARCB1-CRISPR/109-4923_D5_4009","D:/2024/Patient_Paper/PT_all_v2/Developmental/DIV49/202312_WTC_SMARCB1-PAT_SMARCB1-CRISPR/109-4923_D5","yes","yes","#104E8B","SMARCB1_CSS-CRISPR_D5","1"
"D:/2024/Patient_Paper/PT_all_v2/Developmental/DIV49/202312_WTC_SMARCB1-PAT_SMARCB1-CRISPR/109-4923_D7_4011",1.02376297616181,-1.49043035075039,-0.157818513662278,-0.585851444791553,3.15685243242908,-0.190470345138446,-1.09444968358674,-0.93800525532382,-0.456104604513582,-0.92203157474146,-0.378308059435538,2.1480128851821,-0.33300169674158,-0.290377931126331,0.573150310660588,0.0813701355700045,1.02585650100886,4.36734372376289,-0.172837424985749,-0.172837424985749,0,"SMARCB1_2","D7","SMARCB1_CSS-CRISPR","109-4923","SMARCB1_CSS-CRISPR109-4923","axion","D:/2024/Patient_Paper/PT_all_v2/Developmental/DIV49/202312_WTC_SMARCB1-PAT_SMARCB1-CRISPR/109-4923","DIV49","CSS","SMARCB1","CRISPR","WTC","yes","",NA,NA,NA,NA,NA,NA,"D:/2024/Patient_Paper/PT_all_v2/Developmental/DIV49/202312_WTC_SMARCB1-PAT_SMARCB1-CRISPR/109-4923_D7_4011","D:/2024/Patient_Paper/PT_all_v2/Developmental/DIV49/202312_WTC_SMARCB1-PAT_SMARCB1-CRISPR/109-4923_D7","yes","yes","#104E8B","SMARCB1_CSS-CRISPR_D7","1"
"D:/2024/Patient_Paper/PT_all_v2/Developmental/DIV49/202312_WTC_SMARCB1-PAT_SMARCB1-CRISPR/109-4923_D8_4012",0.129015153919363,0.142030793370548,-0.178626493526941,-0.892683404725745,1.52972740997773,0.0790459698957856,-0.6832432379543,-0.806556511830613,-0.110488808615976,-0.266350344035152,-0.646861070966813,2.32600176957807,0.584600294908313,-0.535258865583751,0.461322748567393,0.729789573594241,0.294129422746061,1.22059013247695,-0.25078064698688,-0.0562733118382999,9.59735531730743,"SMARCB1_1","D8","SMARCB1_CSS","109-4923","SMARCB1_CSS109-4923","axion","D:/2024/Patient_Paper/PT_all_v2/Developmental/DIV49/202312_WTC_SMARCB1-PAT_SMARCB1-CRISPR/109-4923","DIV49","CSS","SMARCB1","Patient","median_controls","","",NA,NA,NA,NA,NA,NA,"D:/2024/Patient_Paper/PT_all_v2/Developmental/DIV49/202312_WTC_SMARCB1-PAT_SMARCB1-CRISPR/109-4923_D8_4012","D:/2024/Patient_Paper/PT_all_v2/Developmental/DIV49/202312_WTC_SMARCB1-PAT_SMARCB1-CRISPR/109-4923_D8","yes","yes","#1E90FF","SMARCB1_CSS_D8","1"
"D:/2024/Patient_Paper/PT_all_v2/Developmental/DIV49/202312_WTC_SMARCB1-PAT_SMARCB1-CRISPR/109-4923_E1_4013",-1.07049021826111,-2.96607190547636,-0.00093338334767208,-2.18893621512724,-8.06443148826834,-0.157595881176513,-0.291710901680772,0.440292342696447,-0.00205899966326903,-0.395569454918953,-0.386722085352954,0.242295768708829,-0.454456700579142,0.104195891370585,-0.626442524652796,0.0164420061837388,0.488064121529044,-4.2546347300379,0.108244773422202,0.0131189040801581,0,"SMARCB1_1_KSS","E1","SMARCB1_KSS","109-4923","SMARCB1_KSS109-4923","axion","D:/2024/Patient_Paper/PT_all_v2/Developmental/DIV49/202312_WTC_SMARCB1-PAT_SMARCB1-CRISPR/109-4923","DIV49","KSS","SMARCB1","Patient","median_controls","","",NA,NA,NA,NA,NA,NA,"D:/2024/Patient_Paper/PT_all_v2/Developmental/DIV49/202312_WTC_SMARCB1-PAT_SMARCB1-CRISPR/109-4923_E1_4013","D:/2024/Patient_Paper/PT_all_v2/Developmental/DIV49/202312_WTC_SMARCB1-PAT_SMARCB1-CRISPR/109-4923_E1","yes","yes","#FF84E1","SMARCB1_KSS_E1","2"
"D:/2024/Patient_Paper/PT_all_v2/Developmental/DIV49/202312_WTC_SMARCB1-PAT_SMARCB1-CRISPR/109-4923_E2_4014",-0.510376187260171,-1.92581307802001,0.00972134393118522,-2.58478467350647,-2.88209614649053,-0.0727980212580838,-0.961053886030476,-0.106833295350016,-0.0612220217498612,-0.909823139898027,-0.402664682651033,-0.747214640241692,-0.456736526335985,-0.0460524670247122,-0.998490997836523,0.0364109256422384,0.943270316674308,-1.19737641848505,0.0739546305320059,0.0262409113557321,6.61033385671508,"SMARCB1_1_KSS","E2","SMARCB1_KSS","109-4923","SMARCB1_KSS109-4923","axion","D:/2024/Patient_Paper/PT_all_v2/Developmental/DIV49/202312_WTC_SMARCB1-PAT_SMARCB1-CRISPR/109-4923","DIV49","KSS","SMARCB1","Patient","median_controls","","",NA,NA,NA,NA,NA,NA,"D:/2024/Patient_Paper/PT_all_v2/Developmental/DIV49/202312_WTC_SMARCB1-PAT_SMARCB1-CRISPR/109-4923_E2_4014","D:/2024/Patient_Paper/PT_all_v2/Developmental/DIV49/202312_WTC_SMARCB1-PAT_SMARCB1-CRISPR/109-4923_E2","yes","yes","#FF84E1","SMARCB1_KSS_E2","2"
"D:/2024/Patient_Paper/PT_all_v2/Developmental/DIV49/202312_WTC_SMARCB1-PAT_SMARCB1-CRISPR/109-4923_E3_4015",-0.373745762149466,-1.85537415242567,-0.0407541001804291,-0.627440763998908,0.926216486873676,-0.219783362764337,-1.01943622152585,-0.222214958652836,-0.401771132893308,-0.982413450958524,-0.456006738361636,0.838178808464564,-0.537275458909606,-0.0626529945304203,-0.858164801535957,0.00733481088355208,1.13398181315927,1.53106441601059,0.0121015970619027,-0.083024272280141,0,"SMARCB1_1_KSS","E3","SMARCB1_KSS","109-4923","SMARCB1_KSS109-4923","axion","D:/2024/Patient_Paper/PT_all_v2/Developmental/DIV49/202312_WTC_SMARCB1-PAT_SMARCB1-CRISPR/109-4923","DIV49","KSS","SMARCB1","Patient","median_controls","","",NA,NA,NA,NA,NA,NA,"D:/2024/Patient_Paper/PT_all_v2/Developmental/DIV49/202312_WTC_SMARCB1-PAT_SMARCB1-CRISPR/109-4923_E3_4015","D:/2024/Patient_Paper/PT_all_v2/Developmental/DIV49/202312_WTC_SMARCB1-PAT_SMARCB1-CRISPR/109-4923_E3","yes","yes","#FF84E1","SMARCB1_KSS_E3","2"
"D:/2024/Patient_Paper/PT_all_v2/Developmental/DIV49/202312_WTC_SMARCB1-PAT_SMARCB1-CRISPR/109-4923_E5_4017",1.0319486457384,-1.80604031178723,-0.0700718385841089,-0.612249154898413,0.50205006694064,-0.300272321571473,-1.07082257701318,-0.93800525532382,-0.662948042713357,-1.08854869256911,-0.237365332245651,1.12821629524726,-0.238201009820233,-0.0674315490130528,-0.631885071065231,0.1312098705772,1.11533075099778,2.71514620109127,-0.0520432217603397,-0.0520432217603397,0,"SMARCB1_2_KSS","E5","SMARCB1_KSS-CRISPR","109-4923","SMARCB1_KSS-CRISPR109-4923","axion","D:/2024/Patient_Paper/PT_all_v2/Developmental/DIV49/202312_WTC_SMARCB1-PAT_SMARCB1-CRISPR/109-4923","DIV49","KSS","SMARCB1","CRISPR","WTC","yes","",NA,NA,NA,NA,NA,NA,"D:/2024/Patient_Paper/PT_all_v2/Developmental/DIV49/202312_WTC_SMARCB1-PAT_SMARCB1-CRISPR/109-4923_E5_4017","D:/2024/Patient_Paper/PT_all_v2/Developmental/DIV49/202312_WTC_SMARCB1-PAT_SMARCB1-CRISPR/109-4923_E5","yes","yes","#AA1E7B","SMARCB1_KSS-CRISPR_E5","2"
"D:/2024/Patient_Paper/PT_all_v2/Developmental/DIV49/202312_WTC_SMARCB1-PAT_SMARCB1-CRISPR/109-4923_E6_4018",0.697350898159055,-2.02941652311157,-0.0289523163590625,-0.994056883282001,-5.7440914593479,-0.277623218116623,-1.04862084972734,-0.715790296670984,-0.621260231244243,-0.896055726834828,-0.343272979509411,0.400158735619162,-0.315483950194587,-0.186443273667515,-0.849517379067023,0.0615740189807952,0.809627852077587,-3.17075244072158,0.00136476338418428,0.00136476338418428,0,"SMARCB1_2_KSS","E6","SMARCB1_KSS-CRISPR","109-4923","SMARCB1_KSS-CRISPR109-4923","axion","D:/2024/Patient_Paper/PT_all_v2/Developmental/DIV49/202312_WTC_SMARCB1-PAT_SMARCB1-CRISPR/109-4923","DIV49","KSS","SMARCB1","CRISPR","WTC","yes","",NA,NA,NA,NA,NA,NA,"D:/2024/Patient_Paper/PT_all_v2/Developmental/DIV49/202312_WTC_SMARCB1-PAT_SMARCB1-CRISPR/109-4923_E6_4018","D:/2024/Patient_Paper/PT_all_v2/Developmental/DIV49/202312_WTC_SMARCB1-PAT_SMARCB1-CRISPR/109-4923_E6","yes","yes","#AA1E7B","SMARCB1_KSS-CRISPR_E6","2"
"D:/2024/Patient_Paper/PT_all_v2/Developmental/DIV49/202312_WTC_SMARCB1-PAT_SMARCB1-CRISPR/109-4923_F2_4022",-1.02289190708648,-2.70900803182504,-0.142705339989018,-3.30951721283795,0.450399383800478,0.764424206883812,-0.981383135377163,0.362333428511449,0.0879262652846715,-0.689423027838986,-0.410380161784916,1.98463369409811,-0.417199160835401,-0.437322896362697,0.497786042527316,-0.589193895127302,0.853771266754946,2.8732252695065,0.0822351049156224,-0.0128907644264214,0,"SMARCB1_1_KSS","F2","SMARCB1_KSS","109-4923","SMARCB1_KSS109-4923","axion","D:/2024/Patient_Paper/PT_all_v2/Developmental/DIV49/202312_WTC_SMARCB1-PAT_SMARCB1-CRISPR/109-4923","DIV49","KSS","SMARCB1","Patient","median_controls","","",NA,NA,NA,NA,NA,NA,"D:/2024/Patient_Paper/PT_all_v2/Developmental/DIV49/202312_WTC_SMARCB1-PAT_SMARCB1-CRISPR/109-4923_F2_4022","D:/2024/Patient_Paper/PT_all_v2/Developmental/DIV49/202312_WTC_SMARCB1-PAT_SMARCB1-CRISPR/109-4923_F2","yes","yes","#FF84E1","SMARCB1_KSS_F2","2"
"D:/2024/Patient_Paper/PT_all_v2/Developmental/DIV49/202312_WTC_SMARCB1-PAT_SMARCB1-CRISPR/109-4923_F3_4023",-1.52913410381852,-2.71195650123525,-0.453171589494841,-3.40056718552926,1.91720997513257,1.46606633872164,-1.48632891847491,0.892593247003456,0.0244914392175312,-0.444453346863417,-0.877999437767786,2.98307976017767,-0.439245086966287,-1.46866926772487,0.674471382653042,-1.60390947003466,1.37881821042482,5.28419907480525,0.0805164370815105,-0.0146094322605331,0,"SMARCB1_1_KSS","F3","SMARCB1_KSS","109-4923","SMARCB1_KSS109-4923","axion","D:/2024/Patient_Paper/PT_all_v2/Developmental/DIV49/202312_WTC_SMARCB1-PAT_SMARCB1-CRISPR/109-4923","DIV49","KSS","SMARCB1","Patient","median_controls","","",NA,NA,NA,NA,NA,NA,"D:/2024/Patient_Paper/PT_all_v2/Developmental/DIV49/202312_WTC_SMARCB1-PAT_SMARCB1-CRISPR/109-4923_F3_4023","D:/2024/Patient_Paper/PT_all_v2/Developmental/DIV49/202312_WTC_SMARCB1-PAT_SMARCB1-CRISPR/109-4923_F3","yes","yes","#FF84E1","SMARCB1_KSS_F3","3"
"D:/2024/Patient_Paper/PT_all_v2/Developmental/DIV49/202312_WTC_SMARCB1-PAT_SMARCB1-CRISPR/109-4923_F5_4025",0.807390597611859,-1.88864261935484,-0.0388161298116247,-0.744017777471649,-5.7440914593479,-0.452087380166638,-1.02861805699126,-0.715790296670984,-1.30448270619446,-0.896055726834828,-0.473013235191989,1.5456173386557,-0.396144866825877,-0.185649230945015,-1.35139815918065,0.143071688526416,0.920061300213636,-3.64918118555934,-0.0174613972568127,-0.0174613972568127,0,"SMARCB1_2_KSS","F5","SMARCB1_KSS-CRISPR","109-4923","SMARCB1_KSS-CRISPR109-4923","axion","D:/2024/Patient_Paper/PT_all_v2/Developmental/DIV49/202312_WTC_SMARCB1-PAT_SMARCB1-CRISPR/109-4923","DIV49","KSS","SMARCB1","CRISPR","WTC","yes","",NA,NA,NA,NA,NA,NA,"D:/2024/Patient_Paper/PT_all_v2/Developmental/DIV49/202312_WTC_SMARCB1-PAT_SMARCB1-CRISPR/109-4923_F5_4025","D:/2024/Patient_Paper/PT_all_v2/Developmental/DIV49/202312_WTC_SMARCB1-PAT_SMARCB1-CRISPR/109-4923_F5","yes","yes","#AA1E7B","SMARCB1_KSS-CRISPR_F5","2"
"D:/2024/Patient_Paper/PT_all_v2/Developmental/DIV49/202312_WTC_SMARCB1-PAT_SMARCB1-CRISPR/109-4923_F6_4026",0.583965127227959,-2.14845950967167,-0.0791892049980617,-1.34560345169935,0.418240033868148,-0.203986818688592,-0.840325487132606,-0.43587030293946,-0.42983396986777,-0.616135733103304,-0.610567428841561,1.63779170936078,-0.446638473032566,-0.318282919056184,-0.0185110500511661,0.0714332814927809,0.697838535635173,1.76356463563263,-0.0462525370223109,-0.0462525370223109,0,"SMARCB1_2_KSS","F6","SMARCB1_KSS-CRISPR","109-4923","SMARCB1_KSS-CRISPR109-4923","axion","D:/2024/Patient_Paper/PT_all_v2/Developmental/DIV49/202312_WTC_SMARCB1-PAT_SMARCB1-CRISPR/109-4923","DIV49","KSS","SMARCB1","CRISPR","WTC","yes","",NA,NA,NA,NA,NA,NA,"D:/2024/Patient_Paper/PT_all_v2/Developmental/DIV49/202312_WTC_SMARCB1-PAT_SMARCB1-CRISPR/109-4923_F6_4026","D:/2024/Patient_Paper/PT_all_v2/Developmental/DIV49/202312_WTC_SMARCB1-PAT_SMARCB1-CRISPR/109-4923_F6","yes","yes","#AA1E7B","SMARCB1_KSS-CRISPR_F6","2"
"D:/2024/Patient_Paper/PT_all_v2/Developmental/DIV49/202312_WTC_SMARCB1-PAT_SMARCB1-CRISPR/109-4923_F7_4027",0.506272296031398,-3.26094832102742,-0.148464148431455,-2.59753130922854,2.95045737255104,-0.147178795022976,-0.867594030409972,-0.43587030293946,0.160286635478161,-0.703543760232082,-0.498483469540457,3.32670096036132,-0.364333037968392,-0.342509204060443,1.5369934122679,-0.0387505744257179,0.613663099928838,0.431443799545243,-0.0488726675708031,-0.0488726675708031,0,"SMARCB1_2_KSS","F7","SMARCB1_KSS-CRISPR","109-4923","SMARCB1_KSS-CRISPR109-4923","axion","D:/2024/Patient_Paper/PT_all_v2/Developmental/DIV49/202312_WTC_SMARCB1-PAT_SMARCB1-CRISPR/109-4923","DIV49","KSS","SMARCB1","CRISPR","WTC","yes","",NA,NA,NA,NA,NA,NA,"D:/2024/Patient_Paper/PT_all_v2/Developmental/DIV49/202312_WTC_SMARCB1-PAT_SMARCB1-CRISPR/109-4923_F7_4027","D:/2024/Patient_Paper/PT_all_v2/Developmental/DIV49/202312_WTC_SMARCB1-PAT_SMARCB1-CRISPR/109-4923_F7","yes","yes","#AA1E7B","SMARCB1_KSS-CRISPR_F7","2"
"D:/2024/Patient_Paper/PT_all_v2/Developmental/DIV49/202312_WTC_SMARCB1-PAT_SMARCB1-CRISPR/109-4923_F8_4028",0.700843332477971,-2.47165021638637,-0.015691655236318,-1.68189867318474,-0.422801727381901,-0.0388109014504925,-1.25856113769188,-0.616325614306167,-0.293781143207448,-0.778681406908372,-0.567067265479469,0.195764659731882,-0.451294757641859,-0.497254599242404,0.966438444047102,-0.108073375025047,0.79601504878121,1.39598476583688,0.0052423760642918,0.0052423760642918,0,"SMARCB1_2_KSS","F8","SMARCB1_KSS-CRISPR","109-4923","SMARCB1_KSS-CRISPR109-4923","axion","D:/2024/Patient_Paper/PT_all_v2/Developmental/DIV49/202312_WTC_SMARCB1-PAT_SMARCB1-CRISPR/109-4923","DIV49","KSS","SMARCB1","CRISPR","WTC","yes","",NA,NA,NA,NA,NA,NA,"D:/2024/Patient_Paper/PT_all_v2/Developmental/DIV49/202312_WTC_SMARCB1-PAT_SMARCB1-CRISPR/109-4923_F8_4028","D:/2024/Patient_Paper/PT_all_v2/Developmental/DIV49/202312_WTC_SMARCB1-PAT_SMARCB1-CRISPR/109-4923_F8","yes","yes","#AA1E7B","SMARCB1_KSS-CRISPR_F8","2"
"D:/2024/Patient_Paper/PT_all_v2/Developmental/DIV49/WTC_ADNP_YY1_CHD8_EHMT1/97-0505_A5_4617",0.272079550534145,-1.86013690119205,-0.195123649361752,-2.683952246959,3.25864385785506,1.4196829627621,-1.08893338656753,-0.131182786818344,0.343290435575662,-0.298630460435579,0.0766478748540273,2.93945306630842,-0.0520457108191954,-0.981425925563916,2.3795707497877,-1.04141791381477,0.645312966796267,6.1742545886455,-0.194675882934114,-0.194675882934114,0,"YY1_1","A5","YY1_CR","97-0505","YY1_CR97-0505","axion","D:/2024/Patient_Paper/PT_all_v2/Developmental/DIV49/WTC_ADNP_YY1_CHD8_EHMT1/97-0505","DIV49","GdV","YY1","CRISPR","WTC","yes","",NA,NA,NA,NA,NA,NA,"D:/2024/Patient_Paper/PT_all_v2/Developmental/DIV49/WTC_ADNP_YY1_CHD8_EHMT1/97-0505_A5_4617","D:/2024/Patient_Paper/PT_all_v2/Developmental/DIV49/WTC_ADNP_YY1_CHD8_EHMT1/97-0505_A5","yes","yes","#00FF00","YY1_CR_A5","4"
"D:/2024/Patient_Paper/PT_all_v2/Developmental/DIV49/WTC_ADNP_YY1_CHD8_EHMT1/97-0505_A6_4618",0.357439838963127,-1.43274560797595,-0.39389514811432,-2.25914481445339,4.20481241321396,1.72710533818956,-1.32331061426716,-0.275497953974537,-0.232431444829503,-0.320057095382423,-0.141496483464442,3.39951867487964,0.0461502941195119,-1.4727835675563,2.41267887266153,-1.32310353457556,0.641149717638847,5.56079799054914,-0.303235338279669,-0.303235338279669,0,"YY1_1","A6","YY1_CR","97-0505","YY1_CR97-0505","axion","D:/2024/Patient_Paper/PT_all_v2/Developmental/DIV49/WTC_ADNP_YY1_CHD8_EHMT1/97-0505","DIV49","GdV","YY1","CRISPR","WTC","yes","",NA,NA,NA,NA,NA,NA,"D:/2024/Patient_Paper/PT_all_v2/Developmental/DIV49/WTC_ADNP_YY1_CHD8_EHMT1/97-0505_A6_4618","D:/2024/Patient_Paper/PT_all_v2/Developmental/DIV49/WTC_ADNP_YY1_CHD8_EHMT1/97-0505_A6","yes","yes","#00FF00","YY1_CR_A6","4"
"D:/2024/Patient_Paper/PT_all_v2/Developmental/DIV49/WTC_ADNP_YY1_CHD8_EHMT1/97-0505_B4_4624",-0.261099062551554,-0.888126456277426,-0.289167301318613,-3.85667992510031,5.01484824875234,1.34982059775461,-0.154232057962785,0.283677184264849,1.00171472394212,0.455812701697336,0.337334645830603,3.52620937595435,0.548309878994385,-0.683601705588142,3.51712781946349,-1.18946955002026,-0.401676411363631,4.25815253168976,-0.280508498129356,-0.280508498129356,0,"ADNP_1","B4","ADNP_CR","97-0505","ADNP_CR97-0505","axion","D:/2024/Patient_Paper/PT_all_v2/Developmental/DIV49/WTC_ADNP_YY1_CHD8_EHMT1/97-0505","DIV49","HvdA","ADNP","CRISPR","WTC","yes","",NA,NA,NA,NA,NA,NA,"D:/2024/Patient_Paper/PT_all_v2/Developmental/DIV49/WTC_ADNP_YY1_CHD8_EHMT1/97-0505_B4_4624","D:/2024/Patient_Paper/PT_all_v2/Developmental/DIV49/WTC_ADNP_YY1_CHD8_EHMT1/97-0505_B4","yes","yes","#FF3030","ADNP_CR_B4","4"
"D:/2024/Patient_Paper/PT_all_v2/Developmental/DIV49/WTC_ADNP_YY1_CHD8_EHMT1/97-0505_B6_4626",0.667463988872321,-1.53188357764692,-0.271794403766726,-1.57971452540561,3.11928154914332,1.30910977180111,-1.34751543779477,-0.616325614306167,0.171180909392231,-0.720539136303034,-0.0598161697597781,3.01687154626198,-0.110787874402648,-0.99613272145573,2.4099805653837,-0.870109167894126,0.853072702943857,5.4391304237192,-0.325884578435866,-0.325884578435866,0,"YY1_1","B6","YY1_CR","97-0505","YY1_CR97-0505","axion","D:/2024/Patient_Paper/PT_all_v2/Developmental/DIV49/WTC_ADNP_YY1_CHD8_EHMT1/97-0505","DIV49","GdV","YY1","CRISPR","WTC","yes","",NA,NA,NA,NA,NA,NA,"D:/2024/Patient_Paper/PT_all_v2/Developmental/DIV49/WTC_ADNP_YY1_CHD8_EHMT1/97-0505_B6_4626","D:/2024/Patient_Paper/PT_all_v2/Developmental/DIV49/WTC_ADNP_YY1_CHD8_EHMT1/97-0505_B6","yes","yes","#00FF00","YY1_CR_B6","4"
"D:/2024/Patient_Paper/PT_all_v2/Developmental/DIV49/WTC_ADNP_YY1_CHD8_EHMT1/97-0505_C3_4631",-0.0947291166745303,-1.02106195321184,-0.381701157233611,-3.32754060683836,4.44943650318201,1.34556530002977,-0.637265559651461,0.120242364649023,0.931789755908879,0.0171888356647487,0.25627088986635,3.74413806780122,0.566834362261151,-0.800262034182996,3.74580003704345,-1.46874642461445,-0.205865194628686,3.37355468463888,-0.221859416768367,-0.221859416768367,0,"ADNP_1","C3","ADNP_CR","97-0505","ADNP_CR97-0505","axion","D:/2024/Patient_Paper/PT_all_v2/Developmental/DIV49/WTC_ADNP_YY1_CHD8_EHMT1/97-0505","DIV49","HvdA","ADNP","CRISPR","WTC","yes","",NA,NA,NA,NA,NA,NA,"D:/2024/Patient_Paper/PT_all_v2/Developmental/DIV49/WTC_ADNP_YY1_CHD8_EHMT1/97-0505_C3_4631","D:/2024/Patient_Paper/PT_all_v2/Developmental/DIV49/WTC_ADNP_YY1_CHD8_EHMT1/97-0505_C3","yes","yes","#FF3030","ADNP_CR_C3","4"
"D:/2024/Patient_Paper/PT_all_v2/Developmental/DIV49/WTC_ADNP_YY1_CHD8_EHMT1/97-0505_C4_4632",0.0566522047293768,-0.757381798499125,-0.243708154404563,-2.68108641826683,4.3614624906057,1.3520340770612,-0.410634523706154,6.40685300762983e-16,0.890050557772451,0.264667279388025,0.237297791667332,3.21431632147234,0.550461837902366,-0.823438893817905,3.42754926032347,-1.20393856667799,0.437196641721793,6.84385427546464,-0.296262664234888,-0.296262664234888,0,"ADNP_1","C4","ADNP_CR","97-0505","ADNP_CR97-0505","axion","D:/2024/Patient_Paper/PT_all_v2/Developmental/DIV49/WTC_ADNP_YY1_CHD8_EHMT1/97-0505","DIV49","HvdA","ADNP","CRISPR","WTC","yes","",NA,NA,NA,NA,NA,NA,"D:/2024/Patient_Paper/PT_all_v2/Developmental/DIV49/WTC_ADNP_YY1_CHD8_EHMT1/97-0505_C4_4632","D:/2024/Patient_Paper/PT_all_v2/Developmental/DIV49/WTC_ADNP_YY1_CHD8_EHMT1/97-0505_C4","yes","yes","#FF3030","ADNP_CR_C4","4"
"D:/2024/Patient_Paper/PT_all_v2/Developmental/DIV49/WTC_ADNP_YY1_CHD8_EHMT1/97-0505_D7_4643",-0.757570512081087,-1.51961109526663,0.139618431786345,-2.60728775032975,2.29505226935916,0.32971270321955,0.0649233826607458,0.846672921209729,-0.148321471411541,0.765449329967448,0.380657476945356,-0.489941827652868,0.179186310907433,-0.13665004596532,0.184242532107184,-0.494598702739236,-0.204775400566412,-0.243625864855791,0.263831163423742,0.263831163423742,0,"EHMT1_4_KS","D7","EHMT1_CR","97-0505","EHMT1_CR97-0505","axion","D:/2024/Patient_Paper/PT_all_v2/Developmental/DIV49/WTC_ADNP_YY1_CHD8_EHMT1/97-0505","DIV49","Kleefstra","EHMT1","CRISPR","EHMT1_WT","yes","",NA,NA,NA,NA,NA,NA,"D:/2024/Patient_Paper/PT_all_v2/Developmental/DIV49/WTC_ADNP_YY1_CHD8_EHMT1/97-0505_D7_4643","D:/2024/Patient_Paper/PT_all_v2/Developmental/DIV49/WTC_ADNP_YY1_CHD8_EHMT1/97-0505_D7","yes","yes","#B23AEE","EHMT1_CR_D7","2"
"D:/2024/Patient_Paper/PT_all_v2/Developmental/DIV49/WTC_ADNP_YY1_CHD8_EHMT1/97-0505_D8_4644",-0.221086436104803,-1.46483903775727,0.162127639878637,-1.82798800084833,-0.0538741741264982,-0.225278138187714,0.22826665416577,0.484575833228244,-0.299464891533665,-0.00920879425423241,0.602603452751544,-0.360889533380417,0.127104006454652,0.544562649573906,-0.447153386145783,-0.00982516859189861,0.40888886206595,-0.358697928252523,0.304122291768294,0.304122291768294,0,"EHMT1_4_KS","D8","EHMT1_CR","97-0505","EHMT1_CR97-0505","axion","D:/2024/Patient_Paper/PT_all_v2/Developmental/DIV49/WTC_ADNP_YY1_CHD8_EHMT1/97-0505","DIV49","Kleefstra","EHMT1","CRISPR","EHMT1_WT","yes","",NA,NA,NA,NA,NA,NA,"D:/2024/Patient_Paper/PT_all_v2/Developmental/DIV49/WTC_ADNP_YY1_CHD8_EHMT1/97-0505_D8_4644","D:/2024/Patient_Paper/PT_all_v2/Developmental/DIV49/WTC_ADNP_YY1_CHD8_EHMT1/97-0505_D8","yes","yes","#B23AEE","EHMT1_CR_D8","2"
"D:/2024/Patient_Paper/PT_all_v2/Developmental/DIV49/WTC_ADNP_YY1_CHD8_EHMT1/97-0505_E4_4648",-3.05874809669206,-1.94989092163982,-0.26751412006928,-2.24740379713789,1.63031457985563,0.997744222148811,-0.0699275861912137,3.06776381603151,-0.202290707882153,0.634803266214915,-0.481852064226139,2.20912383599838,-1.87100541964155,-1.27753884896605,0.312897511023164,-2.44660295260452,-0.714414772265028,-1.50813749476086,0.141947905887508,-0.0510306173389221,-7.60293185114496,"CHD8_1","E4","CHD8_C3","97-0505","CHD8_C397-0505","axion","D:/2024/Patient_Paper/PT_all_v2/Developmental/DIV49/WTC_ADNP_YY1_CHD8_EHMT1/97-0505","DIV49","CHD8_ASD","CHD8","CRISPR","CHD8_CTR","yes","",NA,NA,NA,NA,NA,NA,"D:/2024/Patient_Paper/PT_all_v2/Developmental/DIV49/WTC_ADNP_YY1_CHD8_EHMT1/97-0505_E4_4648","D:/2024/Patient_Paper/PT_all_v2/Developmental/DIV49/WTC_ADNP_YY1_CHD8_EHMT1/97-0505_E4","yes","yes","#FFFF00","CHD8_C3_E4","3"
"D:/2024/Patient_Paper/PT_all_v2/Developmental/DIV49/WTC_ADNP_YY1_CHD8_EHMT1/97-0505_E7_4651",0.301114041935199,-0.670812887624268,-0.310613589360468,0.224962334811757,2.40606015057887,0.172859458549684,0.0829851153957915,0,-0.0625948061913597,0.743685976199513,0.151452891792966,-0.606121117206132,0.205973529434072,-0.237768977399345,0.520062391380545,-0.178655116144053,0.331449781908504,1.03864405380467,-0.256999157534547,-0.256999157534547,0,"EHMT1_4_KS","E7","EHMT1_CR","97-0505","EHMT1_CR97-0505","axion","D:/2024/Patient_Paper/PT_all_v2/Developmental/DIV49/WTC_ADNP_YY1_CHD8_EHMT1/97-0505","DIV49","Kleefstra","EHMT1","CRISPR","EHMT1_WT","yes","",NA,NA,NA,NA,NA,NA,"D:/2024/Patient_Paper/PT_all_v2/Developmental/DIV49/WTC_ADNP_YY1_CHD8_EHMT1/97-0505_E7_4651","D:/2024/Patient_Paper/PT_all_v2/Developmental/DIV49/WTC_ADNP_YY1_CHD8_EHMT1/97-0505_E7","yes","yes","#B23AEE","EHMT1_CR_E7","1"
"D:/2024/Patient_Paper/PT_all_v2/Developmental/DIV49/WTC_ADNP_YY1_CHD8_EHMT1/97-0505_E8_4652",0.336868746076976,-1.07468300448285,-0.0895825257796229,-0.379975547006441,1.67575968389248,-0.340115175999415,0.0231298344831849,0,0.108813830274631,-0.101864436025126,0.486736564227935,-0.736193239936441,0.0963536417227514,0.572484878097103,0.073917221608146,0.216634431921026,0.837256345486854,0.707270036676377,0.0843397709278545,0.0843397709278545,0,"EHMT1_4_KS","E8","EHMT1_CR","97-0505","EHMT1_CR97-0505","axion","D:/2024/Patient_Paper/PT_all_v2/Developmental/DIV49/WTC_ADNP_YY1_CHD8_EHMT1/97-0505","DIV49","Kleefstra","EHMT1","CRISPR","EHMT1_WT","yes","",NA,NA,NA,NA,NA,NA,"D:/2024/Patient_Paper/PT_all_v2/Developmental/DIV49/WTC_ADNP_YY1_CHD8_EHMT1/97-0505_E8_4652","D:/2024/Patient_Paper/PT_all_v2/Developmental/DIV49/WTC_ADNP_YY1_CHD8_EHMT1/97-0505_E8","yes","yes","#B23AEE","EHMT1_CR_E8","2"
"D:/2024/Patient_Paper/PT_all_v2/Developmental/DIV49/WTC_ADNP_YY1_CHD8_EHMT1/97-0505_F3_4655",-2.12949120725449,-2.22187639266632,-0.187076542225452,-1.40949801968938,0.776828330237294,0.670876739494698,0.0502069993083204,2.19930168108925,0.54170672228788,-0.191046873382583,0.185300613147879,2.21298711469907,-1.70603528642471,-0.278849553993309,0.56044732530042,-1.64652201485617,0.115200596225763,-1.65517671549038,0.122867989499407,-0.0701105337270227,-7.60293185114496,"CHD8_1","F3","CHD8_C3","97-0505","CHD8_C397-0505","axion","D:/2024/Patient_Paper/PT_all_v2/Developmental/DIV49/WTC_ADNP_YY1_CHD8_EHMT1/97-0505","DIV49","CHD8_ASD","CHD8","CRISPR","CHD8_CTR","yes","",NA,NA,NA,NA,NA,NA,"D:/2024/Patient_Paper/PT_all_v2/Developmental/DIV49/WTC_ADNP_YY1_CHD8_EHMT1/97-0505_F3_4655","D:/2024/Patient_Paper/PT_all_v2/Developmental/DIV49/WTC_ADNP_YY1_CHD8_EHMT1/97-0505_F3","yes","yes","#FFFF00","CHD8_C3_F3","3"
"D:/2024/Patient_Paper/PT_all_v2/Developmental/DIV49/WTC_ADNP_YY1_CHD8_EHMT1/97-0505_F4_4656",-2.15334683868188,-2.14339363590217,-0.0524324710403293,-1.10085994488594,-0.669013976810682,0.692107726185614,0.0733181375749558,2.26067521084615,-0.206685296479974,-0.0695132085744116,0.420789839555028,-0.120226999476018,-1.66060457597182,-0.223057086049668,0.0762234977911605,-1.70490489039235,0.137789688491052,-1.2957249315569,0.128576406312629,-0.064402116913801,-7.60293185114496,"CHD8_1","F4","CHD8_C3","97-0505","CHD8_C397-0505","axion","D:/2024/Patient_Paper/PT_all_v2/Developmental/DIV49/WTC_ADNP_YY1_CHD8_EHMT1/97-0505","DIV49","CHD8_ASD","CHD8","CRISPR","CHD8_CTR","yes","",NA,NA,NA,NA,NA,NA,"D:/2024/Patient_Paper/PT_all_v2/Developmental/DIV49/WTC_ADNP_YY1_CHD8_EHMT1/97-0505_F4_4656","D:/2024/Patient_Paper/PT_all_v2/Developmental/DIV49/WTC_ADNP_YY1_CHD8_EHMT1/97-0505_F4","yes","yes","#FFFF00","CHD8_C3_F4","3"
